<metadata xml:lang="es"><Esri><CreaDate>20150922</CreaDate><CreaTime>08250000</CreaTime><ArcGISFormat>1.0</ArcGISFormat><ArcGISstyle>FGDC CSDGM Metadata</ArcGISstyle><SyncOnce>FALSE</SyncOnce><DataProperties><lineage><Process ToolSource="c:\program files (x86)\arcgis\desktop10.1\ArcToolbox\Toolboxes\Data Management Tools.tbx\TruncateTable" Date="20160331" Time="111644">TruncateTable "D:\Contenedor PINZON\Trabajo\2016\01 MR\MR_V.03.16\04 Base de Datos\MR_0316.gdb\Transporte_Terrestre\MVI"</Process><Process ToolSource="c:\program files (x86)\arcgis\desktop10.4\ArcToolbox\Toolboxes\Data Management Tools.tbx\TruncateTable" Date="20180110" Time="111746">TruncateTable D:\Contenedor\Users\mbernate\Desktop\MR_1217\Migración\MR_1217.gdb\Transporte_Terrestre\MVI</Process><Process ToolSource="c:\program files (x86)\arcgis\desktop10.4\ArcToolbox\Toolboxes\Data Management Tools.tbx\Append" Date="20180110" Time="111910">Append D:\Contenedor\Users\mbernate\Desktop\MR_1217\Entidades\MVI\MVI\mvi10012018.shp D:\Contenedor\Users\mbernate\Desktop\MR_1217\Migración\MR_1217.gdb\Transporte_Terrestre\MVI NO_TEST "MVICCalzad "Codigo de Identificacion de Calzada" true true false 4 Long 0 0 ,First,#,D:\Contenedor\Users\mbernate\Desktop\MR_1217\Entidades\MVI\MVI\mvi10012018.shp,MVICCALZAD,-1,-1;MVICCat "Codigo identificador UAECD" true true false 10 Text 0 0 ,First,#,D:\Contenedor\Users\mbernate\Desktop\MR_1217\Entidades\MVI\MVI\mvi10012018.shp,MVICCAT,-1,-1;MVITCla "Tipo de clasificacion" true true false 4 Long 0 0 ,First,#,D:\Contenedor\Users\mbernate\Desktop\MR_1217\Entidades\MVI\MVI\mvi10012018.shp,MVITCLA,-1,-1;MVITipo "Tipo de via" true true false 3 Text 0 0 ,First,#,D:\Contenedor\Users\mbernate\Desktop\MR_1217\Entidades\MVI\MVI\mvi10012018.shp,MVITIPO,-1,-1;MVINombre "Nombre de la via" true true false 40 Text 0 0 ,First,#,D:\Contenedor\Users\mbernate\Desktop\MR_1217\Entidades\MVI\MVI\mvi10012018.shp,MVINOMBRE,-1,-1;MVINAltern "Nombre alternativo de la via" true true false 50 Text 0 0 ,First,#,D:\Contenedor\Users\mbernate\Desktop\MR_1217\Entidades\MVI\MVI\mvi10012018.shp,MVINALTERN,-1,-1;MVINPrinci "Nomenclatura principal" true true false 10 Text 0 0 ,First,#,D:\Contenedor\Users\mbernate\Desktop\MR_1217\Entidades\MVI\MVI\mvi10012018.shp,MVINPRINCI,-1,-1;MVINGenera "Nomenclatura generadora" true true false 10 Text 0 0 ,First,#,D:\Contenedor\Users\mbernate\Desktop\MR_1217\Entidades\MVI\MVI\mvi10012018.shp,MVINGENERA,-1,-1;MVINAntigu "Nomenclatura antigua" true true false 50 Text 0 0 ,First,#,D:\Contenedor\Users\mbernate\Desktop\MR_1217\Entidades\MVI\MVI\mvi10012018.shp,MVINANTIGU,-1,-1;MVIEtiquet "Etiqueta" true true false 50 Text 0 0 ,First,#,D:\Contenedor\Users\mbernate\Desktop\MR_1217\Entidades\MVI\MVI\mvi10012018.shp,MVIETIQUET,-1,-1;MVISVia "Sentido de la via" true true false 2 Text 0 0 ,First,#,D:\Contenedor\Users\mbernate\Desktop\MR_1217\Entidades\MVI\MVI\mvi10012018.shp,MVISVIA,-1,-1;MVICIV "Codigo de Identificacion Vial" true true false 4 Long 0 0 ,First,#,D:\Contenedor\Users\mbernate\Desktop\MR_1217\Entidades\MVI\MVI\mvi10012018.shp,MVICIV,-1,-1;SHAPE_Length "SHAPE_Length" false true true 8 Double 0 0 ,First,#" #</Process></lineage><itemProps><itemName Sync="TRUE">MVI</itemName><imsContentType Sync="TRUE">002</imsContentType><itemSize Sync="TRUE">0.000</itemSize><itemLocation><linkage Sync="TRUE">file://\\IDECWS0C1F\D$\shp\MVI.shp</linkage><protocol Sync="TRUE">Local Area Network</protocol></itemLocation></itemProps><coordRef><type Sync="TRUE">Geographic</type><geogcsn Sync="TRUE">GCS_MAGNA</geogcsn><csUnits Sync="TRUE">Angular Unit: Degree (0.017453)</csUnits><peXml Sync="TRUE">&lt;GeographicCoordinateSystem xsi:type='typens:GeographicCoordinateSystem' xmlns:xsi='http://www.w3.org/2001/XMLSchema-instance' xmlns:xs='http://www.w3.org/2001/XMLSchema' xmlns:typens='http://www.esri.com/schemas/ArcGIS/10.4'&gt;&lt;WKT&gt;GEOGCS[&amp;quot;GCS_MAGNA&amp;quot;,DATUM[&amp;quot;D_MAGNA&amp;quot;,SPHEROID[&amp;quot;GRS_1980&amp;quot;,6378137.0,298.257222101]],PRIMEM[&amp;quot;Greenwich&amp;quot;,0.0],UNIT[&amp;quot;Degree&amp;quot;,0.0174532925199433],AUTHORITY[&amp;quot;EPSG&amp;quot;,4686]]&lt;/WKT&gt;&lt;XOrigin&gt;-400&lt;/XOrigin&gt;&lt;YOrigin&gt;-400&lt;/YOrigin&gt;&lt;XYScale&gt;11258999068426.238&lt;/XYScale&gt;&lt;ZOrigin&gt;-100000&lt;/ZOrigin&gt;&lt;ZScale&gt;10000&lt;/ZScale&gt;&lt;MOrigin&gt;-100000&lt;/MOrigin&gt;&lt;MScale&gt;10000&lt;/MScale&gt;&lt;XYTolerance&gt;8.9831528411952133e-009&lt;/XYTolerance&gt;&lt;ZTolerance&gt;0.001&lt;/ZTolerance&gt;&lt;MTolerance&gt;0.001&lt;/MTolerance&gt;&lt;HighPrecision&gt;true&lt;/HighPrecision&gt;&lt;LeftLongitude&gt;-180&lt;/LeftLongitude&gt;&lt;WKID&gt;4686&lt;/WKID&gt;&lt;LatestWKID&gt;4686&lt;/LatestWKID&gt;&lt;/GeographicCoordinateSystem&gt;</peXml></coordRef></DataProperties><SyncDate>20180126</SyncDate><SyncTime>09052900</SyncTime><ModDate>20180126</ModDate><ModTime>09052900</ModTime></Esri><dataIdInfo><envirDesc Sync="TRUE">Microsoft Windows 7 Version 6.1 (Build 7601) Service Pack 1; Esri ArcGIS 10.4.1.5686</envirDesc><dataLang><languageCode value="spa" Sync="TRUE"></languageCode><countryCode value="COL" Sync="TRUE"></countryCode></dataLang><idCitation><resTitle Sync="TRUE">MVI</resTitle><presForm><PresFormCd value="005" Sync="TRUE"></PresFormCd></presForm></idCitation><spatRpType><SpatRepTypCd value="001" Sync="TRUE"></SpatRepTypCd></spatRpType></dataIdInfo><mdLang><languageCode value="spa" Sync="TRUE"></languageCode><countryCode value="COL" Sync="TRUE"></countryCode></mdLang><distInfo><distFormat><formatName Sync="TRUE">Shapefile</formatName></distFormat><distTranOps><transSize Sync="TRUE">0.000</transSize></distTranOps></distInfo><mdHrLv><ScopeCd value="005" Sync="TRUE"></ScopeCd></mdHrLv><mdHrLvName Sync="TRUE">dataset</mdHrLvName><refSysInfo><RefSystem><refSysID><identCode code="4686" Sync="TRUE"></identCode><idCodeSpace Sync="TRUE">EPSG</idCodeSpace><idVersion Sync="TRUE">7.6.4(9.2.0)</idVersion></refSysID></RefSystem></refSysInfo><spatRepInfo><VectSpatRep><geometObjs Name="MVI"><geoObjTyp><GeoObjTypCd value="002" Sync="TRUE"></GeoObjTypCd></geoObjTyp><geoObjCnt Sync="TRUE">0</geoObjCnt></geometObjs><topLvl><TopoLevCd value="001" Sync="TRUE"></TopoLevCd></topLvl></VectSpatRep></spatRepInfo><spdoinfo><ptvctinf><esriterm Name="MVI"><efeatyp Sync="TRUE">Simple</efeatyp><efeageom code="3" Sync="TRUE"></efeageom><esritopo Sync="TRUE">FALSE</esritopo><efeacnt Sync="TRUE">0</efeacnt><spindex Sync="TRUE">FALSE</spindex><linrefer Sync="TRUE">FALSE</linrefer></esriterm></ptvctinf></spdoinfo><eainfo><detailed Name="MVI"><enttyp><enttypl Sync="TRUE">MVI</enttypl><enttypt Sync="TRUE">Feature Class</enttypt><enttypc Sync="TRUE">0</enttypc></enttyp><attr><attrlabl Sync="TRUE">FID</attrlabl><attalias Sync="TRUE">FID</attalias><attrtype Sync="TRUE">OID</attrtype><attwidth Sync="TRUE">4</attwidth><atprecis Sync="TRUE">0</atprecis><attscale Sync="TRUE">0</attscale><attrdef Sync="TRUE">Internal feature number.</attrdef><attrdefs Sync="TRUE">Esri</attrdefs><attrdomv><udom Sync="TRUE">Sequential unique whole numbers that are automatically generated.</udom></attrdomv></attr><attr><attrlabl Sync="TRUE">Shape</attrlabl><attalias Sync="TRUE">Shape</attalias><attrtype Sync="TRUE">Geometry</attrtype><attwidth Sync="TRUE">0</attwidth><atprecis Sync="TRUE">0</atprecis><attscale Sync="TRUE">0</attscale><attrdef Sync="TRUE">Feature geometry.</attrdef><attrdefs Sync="TRUE">Esri</attrdefs><attrdomv><udom Sync="TRUE">Coordinates defining the features.</udom></attrdomv></attr><attr><attrlabl Sync="TRUE">MVICCalzad</attrlabl><attalias Sync="TRUE">MVICCalzad</attalias><attrtype Sync="TRUE">Integer</attrtype><attwidth Sync="TRUE">10</attwidth><atprecis Sync="TRUE">10</atprecis><attscale Sync="TRUE">0</attscale></attr><attr><attrlabl Sync="TRUE">MVICCat</attrlabl><attalias Sync="TRUE">MVICCat</attalias><attrtype Sync="TRUE">String</attrtype><attwidth Sync="TRUE">10</attwidth><atprecis Sync="TRUE">0</atprecis><attscale Sync="TRUE">0</attscale></attr><attr><attrlabl Sync="TRUE">MVITCla</attrlabl><attalias Sync="TRUE">MVITCla</attalias><attrtype Sync="TRUE">Integer</attrtype><attwidth Sync="TRUE">10</attwidth><atprecis Sync="TRUE">10</atprecis><attscale Sync="TRUE">0</attscale></attr><attr><attrlabl Sync="TRUE">MVITipo</attrlabl><attalias Sync="TRUE">MVITipo</attalias><attrtype Sync="TRUE">String</attrtype><attwidth Sync="TRUE">3</attwidth><atprecis Sync="TRUE">0</atprecis><attscale Sync="TRUE">0</attscale></attr><attr><attrlabl Sync="TRUE">MVINombre</attrlabl><attalias Sync="TRUE">MVINombre</attalias><attrtype Sync="TRUE">String</attrtype><attwidth Sync="TRUE">40</attwidth><atprecis Sync="TRUE">0</atprecis><attscale Sync="TRUE">0</attscale></attr><attr><attrlabl Sync="TRUE">MVINAltern</attrlabl><attalias Sync="TRUE">MVINAltern</attalias><attrtype Sync="TRUE">String</attrtype><attwidth Sync="TRUE">50</attwidth><atprecis Sync="TRUE">0</atprecis><attscale Sync="TRUE">0</attscale></attr><attr><attrlabl Sync="TRUE">MVINPrinci</attrlabl><attalias Sync="TRUE">MVINPrinci</attalias><attrtype Sync="TRUE">String</attrtype><attwidth Sync="TRUE">10</attwidth><atprecis Sync="TRUE">0</atprecis><attscale Sync="TRUE">0</attscale></attr><attr><attrlabl Sync="TRUE">MVINGenera</attrlabl><attalias Sync="TRUE">MVINGenera</attalias><attrtype Sync="TRUE">String</attrtype><attwidth Sync="TRUE">10</attwidth><atprecis Sync="TRUE">0</atprecis><attscale Sync="TRUE">0</attscale></attr><attr><attrlabl Sync="TRUE">MVINAntigu</attrlabl><attalias Sync="TRUE">MVINAntigu</attalias><attrtype Sync="TRUE">String</attrtype><attwidth Sync="TRUE">50</attwidth><atprecis Sync="TRUE">0</atprecis><attscale Sync="TRUE">0</attscale></attr><attr><attrlabl Sync="TRUE">MVIEtiquet</attrlabl><attalias Sync="TRUE">MVIEtiquet</attalias><attrtype Sync="TRUE">String</attrtype><attwidth Sync="TRUE">50</attwidth><atprecis Sync="TRUE">0</atprecis><attscale Sync="TRUE">0</attscale></attr><attr><attrlabl Sync="TRUE">MVISVia</attrlabl><attalias Sync="TRUE">MVISVia</attalias><attrtype Sync="TRUE">String</attrtype><attwidth Sync="TRUE">2</attwidth><atprecis Sync="TRUE">0</atprecis><attscale Sync="TRUE">0</attscale></attr><attr><attrlabl Sync="TRUE">MVICIV</attrlabl><attalias Sync="TRUE">MVICIV</attalias><attrtype Sync="TRUE">Integer</attrtype><attwidth Sync="TRUE">10</attwidth><atprecis Sync="TRUE">10</atprecis><attscale Sync="TRUE">0</attscale></attr><attr><attrlabl Sync="TRUE">SHAPE_Leng</attrlabl><attalias Sync="TRUE">SHAPE_Leng</attalias><attrtype Sync="TRUE">Double</attrtype><attwidth Sync="TRUE">19</attwidth><atprecis Sync="TRUE">0</atprecis><attscale Sync="TRUE">0</attscale></attr></detailed></eainfo><mdDateSt Sync="TRUE">20180126</mdDateSt></metadata>
